{"figures": [{"object": "human", "geometry": {"position": {"x": 0.828600002, "y": 0.6605769223076925, "z": 4.74290026}, "rotation": {"x": 0.0, "y": 0.0, "z": 0.0}, "dimensions": {"x": 0.25079999600000014, "y": 0.10684613538461507, "z": 1.0962999199999999}}}, {"object": "human", "geometry": {"position": {"x": 0.3326874997916667, "y": 0.09149999999999997, "z": 3.5329493305555553}, "rotation": {"x": 0.0, "y": 0.0, "z": 0.0}, "dimensions": {"x": 0.3113749995833333, "y": 0.41400000000000003, "z": 1.8406021388888893}}}], "events": [], "is_can_move": true, "door_open_percent": -1, "door": "unknown"}