{"figures": [{"object": "human", "geometry": {"position": {"x": 0.8041607167857143, "y": 0.1024411860882353, "z": 4.361833608333334}, "rotation": {"x": 0.0, "y": 0.0, "z": 0.0}, "dimensions": {"x": 0.29967856642857127, "y": 0.3111176678235294, "z": 1.872333483333334}}}, {"object": "human", "geometry": {"position": {"x": -0.045133333555555544, "y": -0.1110000025, "z": 3.5533960583333335}, "rotation": {"x": 0.0, "y": 0.0, "z": 0.0}, "dimensions": {"x": 0.3890666751111111, "y": 0.336000005, "z": 1.3662084833333337}}}, {"object": "human", "geometry": {"position": {"x": 0.459000005, "y": -0.280500005, "z": 3.6240002000000002}, "rotation": {"x": 0.0, "y": 0.0, "z": 0.0}, "dimensions": {"x": 0.28200002999999996, "y": 0.06300001, "z": 0.6204997999999997}}}], "events": ["doors_not_closed"], "is_can_move": false, "door_open_percent": 50, "door": "semi"}