{"figures": [{"object": "human", "geometry": {"position": {"x": -0.6973269315384616, "y": 0.5694473668421053, "z": 4.6348753}, "rotation": {"x": 0.0, "y": 0.0, "z": 0.0}, "dimensions": {"x": 0.27034615692307695, "y": 0.2891052463157895, "z": 1.3417502}}}, {"object": "human", "geometry": {"position": {"x": 0.24674999933333333, "y": -0.18337500012500002, "z": 4.7130002375}, "rotation": {"x": 0.0, "y": 0.0, "z": 0.0}, "dimensions": {"x": 0.3255000013333333, "y": 0.28275000225, "z": 1.1785000750000005}}}], "events": ["doors_not_closed"], "is_can_move": false, "door_open_percent": 16, "door": "semi"}