{"figures": [{"object": "human", "geometry": {"position": {"x": 0.2400000055, "y": 0.44860714, "z": 3.9302687331578943}, "rotation": {"x": 0.0, "y": 0.0, "z": 0.0}, "dimensions": {"x": 0.402000009, "y": 0.5307857, "z": 2.7384635336842105}}}, {"object": "human", "geometry": {"position": {"x": -0.24350000833333332, "y": 0.6645000000000001, "z": 4.96165026125}, "rotation": {"x": 0.0, "y": 0.0, "z": 0.0}, "dimensions": {"x": 0.2150000033333333, "y": 0.09899997999999999, "z": 0.6722999975000006}}}, {"object": "human", "geometry": {"position": {"x": 0.24589285228571428, "y": -0.0975, "z": 3.1046446613839285}, "rotation": {"x": 0.0, "y": 0.0, "z": 0.0}, "dimensions": {"x": 0.4442142754285714, "y": 0.435, "z": 1.1865391084821426}}}], "events": ["doors_not_closed"], "is_can_move": false, "door_open_percent": 25, "door": "semi"}