{"figures": [{"object": "human", "geometry": {"position": {"x": 0.1110000045, "y": 0.6171249945833335, "z": 4.623943053571428}, "rotation": {"x": 0.0, "y": 0.0, "z": 0.0}, "dimensions": {"x": 0.13800001099999998, "y": 0.19374999083333322, "z": 1.3458142928571433}}}, {"object": "human", "geometry": {"position": {"x": 0.2964000046666667, "y": 0.09387244704081635, "z": 4.925947783}, "rotation": {"x": 0.0, "y": 0.0, "z": 0.0}, "dimensions": {"x": 0.3132000106666668, "y": 0.7242551059183673, "z": 0.7451050840000004}}}], "events": ["doors_not_closed"], "is_can_move": false, "door_open_percent": 16, "door": "semi"}