{"figures": [{"object": "human", "geometry": {"position": {"x": -0.17699998749999998, "y": 0.584999995, "z": 4.114964614285714}, "rotation": {"x": 0.0, "y": 0.0, "z": 0.0}, "dimensions": {"x": 0.8159999849999999, "y": 0.25799999, "z": 2.358571771428572}}}, {"object": "human", "geometry": {"position": {"x": -0.8665000116666666, "y": 0.663299992, "z": 5.064210064285715}, "rotation": {"x": 0.0, "y": 0.0, "z": 0.0}, "dimensions": {"x": 0.18100001666666665, "y": 0.10139999599999994, "z": 0.463794728571429}}}, {"object": "human", "geometry": {"position": {"x": 0.34387498875, "y": 0.07260000749999998, "z": 4.773550572580644}, "rotation": {"x": 0.0, "y": 0.0, "z": 0.0}, "dimensions": {"x": 0.3802499825, "y": 0.6948000249999999, "z": 1.036399154838711}}}], "events": [], "is_can_move": true, "door_open_percent": 0, "door": "closed"}