{"figures": [{"object": "human", "geometry": {"position": {"x": 0.871500015, "y": 0.4432500075, "z": 4.9650419249999995}, "rotation": {"x": 0.0, "y": 0.0, "z": 0.0}, "dimensions": {"x": 0.16499997, "y": 0.10349998500000002, "z": 0.6939167500000005}}}, {"object": "human", "geometry": {"position": {"x": 0.6240555703703703, "y": 0.04128947157894736, "z": 3.8530626375}, "rotation": {"x": 0.0, "y": 0.0, "z": 0.0}, "dimensions": {"x": 0.6538889192592594, "y": 0.7454210568421052, "z": 2.9096250749999997}}}], "events": ["doors_not_closed"], "is_can_move": false, "door_open_percent": 8, "door": "semi"}