{"figures": [{"object": "human", "geometry": {"position": {"x": -0.4202500016666667, "y": 0.6114705870588235, "z": 4.256875208333334}, "rotation": {"x": 0.0, "y": 0.0, "z": 0.0}, "dimensions": {"x": 0.4565000033333335, "y": 0.20505880588235315, "z": 2.0907500166666666}}}, {"object": "human", "geometry": {"position": {"x": 0.22066666263888893, "y": -0.17285999944, "z": 4.284820154}, "rotation": {"x": 0.0, "y": 0.0, "z": 0.0}, "dimensions": {"x": 0.19466665472222217, "y": 0.29027999911999997, "z": 2.0266401080000014}}}], "events": ["doors_not_closed", "object_between_doors"], "is_can_move": false, "door_open_percent": 16, "door": "semi"}