{"figures": [{"object": "human", "geometry": {"position": {"x": 0.22457143285714287, "y": 0.494549995, "z": 3.9464763580357145}, "rotation": {"x": 0.0, "y": 0.0, "z": 0.0}, "dimensions": {"x": 0.45514286571428575, "y": 0.43889999, "z": 2.7181191410714285}}}, {"object": "human", "geometry": {"position": {"x": -0.54599999, "y": 0.52349999625, "z": 3.348281425}, "rotation": {"x": 0.0, "y": 0.0, "z": 0.0}, "dimensions": {"x": 0.43799999999999994, "y": 0.3809999875, "z": 1.53156245}}}, {"object": "human", "geometry": {"position": {"x": -0.30149999952380957, "y": 0.4218749975, "z": 4.834938319523809}, "rotation": {"x": 0.0, "y": 0.0, "z": 0.0}, "dimensions": {"x": 0.06300000095238084, "y": 0.08625000500000002, "z": 0.9595761990476186}}}], "events": ["doors_not_closed"], "is_can_move": false, "door_open_percent": 25, "door": "semi"}