{"figures": [{"object": "human", "geometry": {"position": {"x": -0.6097500025, "y": 0.6809999950000001, "z": 5.021250187962963}, "rotation": {"x": 0.0, "y": 0.0, "z": 0.0}, "dimensions": {"x": 0.14550000499999993, "y": 0.06599999000000001, "z": 0.5966668759259264}}}, {"object": "human", "geometry": {"position": {"x": 0.40725001, "y": -0.07649999712500004, "z": 3.9157572418333335}, "rotation": {"x": 0.0, "y": 0.0, "z": 0.0}, "dimensions": {"x": 0.40050002000000007, "y": 0.5520000042500001, "z": 2.755819249666666}}}], "events": ["doors_not_closed", "object_between_doors"], "is_can_move": false, "door_open_percent": 8, "door": "semi"}