{"figures": [{"object": "human", "geometry": {"position": {"x": -0.762000025, "y": 0.5560714242857143, "z": 4.285301793650794}, "rotation": {"x": 0.0, "y": 0.0, "z": 0.0}, "dimensions": {"x": 0.38999998999999996, "y": 0.31585713142857147, "z": 1.980325498412698}}}, {"object": "human", "geometry": {"position": {"x": 0.235500005, "y": -0.091500005, "z": 4.98304185}, "rotation": {"x": 0.0, "y": 0.0, "z": 0.0}, "dimensions": {"x": 0.12900000999999997, "y": 0.17700000999999999, "z": 0.6064164999999999}}}], "events": ["doors_not_closed"], "is_can_move": false, "door_open_percent": 66, "door": "semi"}