{"figures": [{"object": "human", "geometry": {"position": {"x": -0.53625001, "y": 0.6748043419565216, "z": 4.851396041666666}, "rotation": {"x": 0.0, "y": 0.0, "z": 0.0}, "dimensions": {"x": 0.38250002000000005, "y": 0.07839129608695683, "z": 0.9125417833333325}}}, {"object": "human", "geometry": {"position": {"x": 0.319799999, "y": -0.04788235426470584, "z": 4.529375225}, "rotation": {"x": 0.0, "y": 0.0, "z": 0.0}, "dimensions": {"x": 0.356400002, "y": 0.5077647085294117, "z": 1.5527498499999997}}}], "events": ["doors_not_closed"], "is_can_move": false, "door_open_percent": 8, "door": "semi"}