{"figures": [{"object": "human", "geometry": {"position": {"x": 0.09299999500000002, "y": 0.5864999900000001, "z": 4.268749824714287}, "rotation": {"x": 0.0, "y": 0.0, "z": 0.0}, "dimensions": {"x": 0.48600001000000004, "y": 0.2550000000000001, "z": 2.0681793934285726}}}, {"object": "human", "geometry": {"position": {"x": 0.09787499924999998, "y": -0.12350000083333337, "z": 3.1356882295454547}, "rotation": {"x": 0.0, "y": 0.0, "z": 0.0}, "dimensions": {"x": 0.3937499965, "y": 0.4630000016666667, "z": 1.009023940909091}}}], "events": ["doors_not_closed"], "is_can_move": false, "door_open_percent": 8, "door": "semi"}