{"figures": [{"object": "human", "geometry": {"position": {"x": -0.834000025, "y": 0.689849996, "z": 5.1139753500000005}, "rotation": {"x": 0.0, "y": 0.0, "z": 0.0}, "dimensions": {"x": 0.24599999000000006, "y": 0.048299988000000016, "z": 0.3889498999999992}}}, {"object": "human", "geometry": {"position": {"x": 0.2829545500909091, "y": 0.04479129978260871, "z": 3.3867501}, "rotation": {"x": 0.0, "y": 0.0, "z": 0.0}, "dimensions": {"x": 0.4000909198181818, "y": 0.7660174004347828, "z": 1.7345002000000003}}}], "events": ["doors_not_closed"], "is_can_move": false, "door_open_percent": 16, "door": "semi"}