{"figures": [{"object": "human", "geometry": {"position": {"x": 0.5119999988333334, "y": 0.4566593468681319, "z": 3.9480982295769236}, "rotation": {"x": 0.0, "y": 0.0, "z": 0.0}, "dimensions": {"x": 0.8840000023333333, "y": 0.510395609120879, "z": 2.732996233153846}}}, {"object": "human", "geometry": {"position": {"x": -0.907815802631579, "y": 0.33, "z": 4.989507286111111}, "rotation": {"x": 0.0, "y": 0.0, "z": 0.0}, "dimensions": {"x": 0.09836843473684187, "y": 0.09599997999999998, "z": 0.6582638722222214}}}], "events": ["doors_not_closed"], "is_can_move": false, "door_open_percent": 8, "door": "semi"}