{"figures": [{"object": "human", "geometry": {"position": {"x": -0.844500005, "y": 0.5737500050000001, "z": 4.660687825}, "rotation": {"x": 0.0, "y": 0.0, "z": 0.0}, "dimensions": {"x": 0.2250000299999999, "y": 0.2775000100000001, "z": 1.2766249500000004}}}, {"object": "human", "geometry": {"position": {"x": 0.384, "y": -0.18600000755, "z": 3.404942628666667}, "rotation": {"x": 0.0, "y": 0.0, "z": 0.0}, "dimensions": {"x": 0.43799998000000007, "y": 0.3600000149, "z": 1.7896150093333327}}}], "events": ["doors_not_closed", "object_between_doors"], "is_can_move": false, "door_open_percent": 16, "door": "semi"}