{"figures": [{"object": "human", "geometry": {"position": {"x": -0.8970000149999999, "y": 0.5122500050000001, "z": 4.171708433333333}, "rotation": {"x": 0.0, "y": 0.0, "z": 0.0}, "dimensions": {"x": 0.12000000999999993, "y": 0.22650003000000002, "z": 0.6230833333333332}}}, {"object": "human", "geometry": {"position": {"x": 0.44607692667307697, "y": -0.110062505, "z": 3.429000070588235}, "rotation": {"x": 0.0, "y": 0.0, "z": 0.0}, "dimensions": {"x": 0.7121538543461539, "y": 0.45712501, "z": 1.2730001411764706}}}], "events": ["doors_not_closed"], "is_can_move": false, "door_open_percent": 16, "door": "semi"}