{"figures": [{"object": "human", "geometry": {"position": {"x": 0.7534285728571428, "y": 0.1680000095, "z": 4.263809721428571}, "rotation": {"x": 0.0, "y": 0.0, "z": 0.0}, "dimensions": {"x": 0.40114285428571417, "y": 0.444000021, "z": 2.1039524428571426}}}, {"object": "human", "geometry": {"position": {"x": 0.2797500075, "y": -0.1905000014888889, "z": 4.411000274999999}, "rotation": {"x": 0.0, "y": 0.0, "z": 0.0}, "dimensions": {"x": 0.157499995, "y": 0.21900000257777777, "z": 1.8029999499999994}}}], "events": ["doors_not_closed"], "is_can_move": false, "door_open_percent": 58, "door": "semi"}