{"figures": [{"object": "human", "geometry": {"position": {"x": 0.625499995, "y": 0.006749992499999996, "z": 3.937892985714286}, "rotation": {"x": 0.0, "y": 0.0, "z": 0.0}, "dimensions": {"x": 0.65700001, "y": 0.5775000050000001, "z": 2.738785971428572}}}, {"object": "human", "geometry": {"position": {"x": 0.385499995, "y": -0.144, "z": 4.63700005}, "rotation": {"x": 0.0, "y": 0.0, "z": 0.0}, "dimensions": {"x": 0.26699998999999996, "y": 0.282, "z": 1.3404998999999997}}}], "events": ["doors_not_closed"], "is_can_move": false, "door_open_percent": 33, "door": "semi"}