{"figures": [{"object": "human", "geometry": {"position": {"x": 0.5384571364999999, "y": 0.36150001, "z": 3.33997102}, "rotation": {"x": 0.0, "y": 0.0, "z": 0.0}, "dimensions": {"x": 0.5304857029999998, "y": 0.44100001999999994, "z": 1.61169164}}}, {"object": "human", "geometry": {"position": {"x": 0.7462500087499999, "y": 0.399375005, "z": 4.9663751000000005}, "rotation": {"x": 0.0, "y": 0.0, "z": 0.0}, "dimensions": {"x": 0.23849998249999993, "y": 0.32925001, "z": 0.6622499999999993}}}, {"object": "human", "geometry": {"position": {"x": 0.26921428571428574, "y": 0.30899999499999997, "z": 5.059214442857143}, "rotation": {"x": 0.0, "y": 0.0, "z": 0.0}, "dimensions": {"x": 0.12242857142857147, "y": 0.07799998999999996, "z": 0.48207131428571515}}}], "events": ["doors_not_closed"], "is_can_move": false, "door_open_percent": 33, "door": "semi"}