{"figures": [{"object": "human", "geometry": {"position": {"x": 0.818699999, "y": 0.12116666611111111, "z": 4.516107321428572}, "rotation": {"x": 0.0, "y": 0.0, "z": 0.0}, "dimensions": {"x": 0.2706000019999999, "y": 0.29033333222222224, "z": 1.6047144428571438}}}, {"object": "human", "geometry": {"position": {"x": 0.554550014, "y": -0.185062505375, "z": 4.091312692857143}, "rotation": {"x": 0.0, "y": 0.0, "z": 0.0}, "dimensions": {"x": 0.4689000319999999, "y": 0.25387500925, "z": 2.457053714285714}}}], "events": ["doors_not_closed", "object_between_doors"], "is_can_move": false, "door_open_percent": 50, "door": "semi"}