{"figures": [{"object": "human", "geometry": {"position": {"x": -0.22687501874999996, "y": 0.3843333285555556, "z": 3.9592680857142857}, "rotation": {"x": 0.0, "y": 0.0, "z": 0.0}, "dimensions": {"x": 1.1062500225, "y": 0.6593333228888889, "z": 2.6614644285714286}}}, {"object": "human", "geometry": {"position": {"x": 0.37510714749999996, "y": -0.16905909459545454, "z": 4.600830596428572}, "rotation": {"x": 0.0, "y": 0.0, "z": 0.0}, "dimensions": {"x": 0.147214285, "y": 0.22151818899090903, "z": 1.378839407142857}}}], "events": ["doors_not_closed"], "is_can_move": false, "door_open_percent": 58, "door": "semi"}