{"figures": [{"object": "human", "geometry": {"position": {"x": -0.3295714235714286, "y": 0.55649999, "z": 3.4586042683333336}, "rotation": {"x": 0.0, "y": 0.0, "z": 0.0}, "dimensions": {"x": 0.46285713285714286, "y": 0.315, "z": 1.7142916633333325}}}, {"object": "human", "geometry": {"position": {"x": -0.760500015, "y": 0.297000011, "z": 4.090250110714287}, "rotation": {"x": 0.0, "y": 0.0, "z": 0.0}, "dimensions": {"x": 0.39300000999999996, "y": 0.504000018, "z": 1.4459998785714285}}}, {"object": "human", "geometry": {"position": {"x": -0.195749995, "y": 0.42276923576923076, "z": 4.888674602083333}, "rotation": {"x": 0.0, "y": 0.0, "z": 0.0}, "dimensions": {"x": 0.15149999000000003, "y": 0.10846152846153839, "z": 0.8411824708333349}}}, {"object": "human", "geometry": {"position": {"x": 0.44849999, "y": 0.008338987881355786, "z": 3.351148044366197}, "rotation": {"x": 0.0, "y": 0.0, "z": 0.0}, "dimensions": {"x": 0.39299998, "y": 0.6673220442372885, "z": 1.7057043112676045}}}, {"object": "human", "geometry": {"position": {"x": -0.88500002, "y": -0.0368999998, "z": 4.676468979166666}, "rotation": {"x": 0.0, "y": 0.0, "z": 0.0}, "dimensions": {"x": 0.1439999999999999, "y": 0.1782000004, "z": 1.2669375583333329}}}], "events": ["doors_not_closed"], "is_can_move": false, "door_open_percent": 16, "door": "semi"}