{"figures": [{"object": "human", "geometry": {"position": {"x": 0.4841250175, "y": 0.229500004625, "z": 3.7293752249999996}, "rotation": {"x": 0.0, "y": 0.0, "z": 0.0}, "dimensions": {"x": 0.368250015, "y": 0.38700001074999996, "z": 1.3897502499999996}}}, {"object": "human", "geometry": {"position": {"x": 0.26928030383838386, "y": -0.11600000333333338, "z": 3.7671251750000003}, "rotation": {"x": 0.0, "y": 0.0, "z": 0.0}, "dimensions": {"x": 0.2841060567676768, "y": 0.32800000666666673, "z": 0.98575005}}}], "events": ["doors_not_closed"], "is_can_move": false, "door_open_percent": 33, "door": "semi"}