{"figures": [{"object": "human", "geometry": {"position": {"x": 0.40549999833333333, "y": 0.42750001, "z": 3.738812675}, "rotation": {"x": 0.0, "y": 0.0, "z": 0.0}, "dimensions": {"x": 0.8529999966666667, "y": 0.56700004, "z": 1.9928751499999997}}}, {"object": "human", "geometry": {"position": {"x": 0.48876924038461533, "y": -0.123000002625, "z": 3.2414274164556964}, "rotation": {"x": 0.0, "y": 0.0, "z": 0.0}, "dimensions": {"x": 0.35953844076923075, "y": 0.30600000725, "z": 1.1741457670886066}}}], "events": ["doors_not_closed"], "is_can_move": false, "door_open_percent": 50, "door": "semi"}