{"figures": [{"object": "human", "geometry": {"position": {"x": 0.672374999375, "y": -0.0884999998, "z": 4.8768128}, "rotation": {"x": 0.0, "y": 0.0, "z": 0.0}, "dimensions": {"x": 0.08324998125000005, "y": 0.1590000004, "z": 0.8696247999999995}}}, {"object": "human", "geometry": {"position": {"x": 0.7601250100000001, "y": -0.21275000458333332, "z": 3.4932657375}, "rotation": {"x": 0.0, "y": 0.0, "z": 0.0}, "dimensions": {"x": 0.38325, "y": 0.15549998916666663, "z": 1.3099687250000005}}}], "events": ["doors_not_closed"], "is_can_move": false, "door_open_percent": 25, "door": "semi"}